{
    "epoch": 5.0,
    "total_flos": 1.0550933176732877e+17,
    "train_loss": 1.6239005654545153,
    "train_runtime": 1028.2068,
    "train_samples_per_second": 9.147,
    "train_steps_per_second": 0.574
}